OBJECTID,ZONING_ABBREVIATION,ZONING,STATUS,TOWN,PLAN_NAME,MyPlan_GZT,Shape__Area,Shape__Length
1,EM,Environmental Management,ADOPTED,Oranmore,Oranmore LAP 2012 - 2022,,763146.305664063,4089.71514587437
2,I,Industrial,ADOPTED,Oranmore,Oranmore LAP 2012 - 2022,C2.1,724247.99307251,3418.87574434575
3,BT,Business and Technology,ADOPTED,Oranmore,Oranmore LAP 2012 - 2022,C3,507525.37512207,3715.69296172892
4,EM,Environmental Management,ADOPTED,Oranmore,Oranmore LAP 2012 - 2022,,417207.537261963,3469.92184644163
5,BT,Business and Technology,ADOPTED,Oranmore,Oranmore LAP 2012 - 2022,C3,386736.55166626,4108.5434316348
6,R,Residential (Phase 1),ADOPTED,Oranmore,Oranmore LAP 2012 - 2022,R1.6,204213.830535889,3362.32445188929
7,SR,Strategic Reserve,ADOPTED,Oranmore,Oranmore LAP 2012 - 2022,R4.6,174304.903411865,1756.62208049616
8,R,Residential (Phase 2),ADOPTED,Oranmore,Oranmore LAP 2012 - 2022,R1.6,100182.190002441,2286.07415194732
9,A,Agriculture,ADOPTED,Oranmore,Oranmore LAP 2012 - 2022,P1,98166.477935791,1642.29372710593
10,A,Agriculture,ADOPTED,Oranmore,Oranmore LAP 2012 - 2022,P1,95628.5629882813,1809.92593976446
11,SR,Strategic Reserve,ADOPTED,Oranmore,Oranmore LAP 2012 - 2022,R4.6,91483.6692810059,1467.98413994971
12,R,Residential Existing,ADOPTED,Oranmore,Oranmore LAP 2012 - 2022,R2.6,88469.8012390137,4696.00220796574
13,OS,Open Space / Recreation & Amenity,ADOPTED,Oranmore,Oranmore LAP 2012 - 2022,G1,88095.1644287109,2113.75311432631
14,R,Residential Existing,ADOPTED,Oranmore,Oranmore LAP 2012 - 2022,R2.6,75263.4343261719,2854.49802657341
15,TC,Town Centre,ADOPTED,Oranmore,Oranmore LAP 2012 - 2022,M2,67640.6133422852,2033.77153171535
16,R,Residential Existing,ADOPTED,Oranmore,Oranmore LAP 2012 - 2022,R2.6,73391.0801391602,3326.7035519763
17,A,Agriculture,ADOPTED,Oranmore,Oranmore LAP 2012 - 2022,P1,72280.8657226563,1281.01436168442
18,OS,Open Space / Recreation & Amenity,ADOPTED,Oranmore,Oranmore LAP 2012 - 2022,G1,67611.2676086426,1855.19056771337
19,OS,Open Space / Recreation & Amenity,ADOPTED,Oranmore,Oranmore LAP 2012 - 2022,G1,55542.9410095215,2531.69302274295
20,C2,Commercial / Mixed Use,ADOPTED,Oranmore,Oranmore LAP 2012 - 2022,C6,59267.0121765137,1857.82580302289
21,A,Agriculture,ADOPTED,Oranmore,Oranmore LAP 2012 - 2022,P1,57291.231048584,1422.58720740216
22,CF,Community Facilities,ADOPTED,Oranmore,Oranmore LAP 2012 - 2022,S3,56512.9587097168,1317.82102167133
23,OS,Open Space / Recreation & Amenity,ADOPTED,Oranmore,Oranmore LAP 2012 - 2022,G1,54107.5988464355,1074.33798052233
24,R,Residential (Phase 2),ADOPTED,Oranmore,Oranmore LAP 2012 - 2022,R1.6,44748.3682861328,1061.59200946402
25,R,Residential Existing,ADOPTED,Oranmore,Oranmore LAP 2012 - 2022,R2.6,39749.9144592285,1524.80328919045
26,R,Residential Existing,ADOPTED,Oranmore,Oranmore LAP 2012 - 2022,R2.6,36880.0823364258,2099.71747439365
27,SR,Strategic Reserve,ADOPTED,Oranmore,Oranmore LAP 2012 - 2022,R4.6,36221.3363952637,895.198158043347
28,R,Residential (Phase 1),ADOPTED,Oranmore,Oranmore LAP 2012 - 2022,R1.6,35034.5447692871,1197.64615218536
29,BE,Business and Enterprise,ADOPTED,Oranmore,Oranmore LAP 2012 - 2022,C3,34828.9161682129,1171.60790326502
30,C2,Commercial / Mixed Use,ADOPTED,Oranmore,Oranmore LAP 2012 - 2022,C6,32901.5458374023,1063.87330144017
31,R,Residential Existing,ADOPTED,Oranmore,Oranmore LAP 2012 - 2022,R2.6,31917.3022766113,1075.50758907358
32,CF,Community Facilities,ADOPTED,Oranmore,Oranmore LAP 2012 - 2022,S3,28907.1046142578,780.675614046601
33,R,Residential Existing,ADOPTED,Oranmore,Oranmore LAP 2012 - 2022,R2.6,28535.9295654297,716.755792685927
34,SR,Strategic Reserve,ADOPTED,Oranmore,Oranmore LAP 2012 - 2022,R4.6,27468.182434082,694.849052215361
35,R,Residential Existing,ADOPTED,Oranmore,Oranmore LAP 2012 - 2022,R2.6,27345.9427490234,1217.33014320221
36,OS,Open Space / Recreation & Amenity,ADOPTED,Oranmore,Oranmore LAP 2012 - 2022,G1,22729.1268310547,649.716500114815
37,TC,Town Centre,ADOPTED,Oranmore,Oranmore LAP 2012 - 2022,M2,22700.7758483887,885.524168078451
38,R,Residential Existing,ADOPTED,Oranmore,Oranmore LAP 2012 - 2022,R2.6,22075.7380371094,731.602841530237
39,A,Agriculture,ADOPTED,Oranmore,Oranmore LAP 2012 - 2022,P1,21865.4837646484,662.96050079342
40,R,Residential Existing,ADOPTED,Oranmore,Oranmore LAP 2012 - 2022,R2.6,21169.3016967773,1057.95818889548
41,R,Residential (Phase 1),ADOPTED,Oranmore,Oranmore LAP 2012 - 2022,R1.6,20310.5790405273,766.720603520947
42,R,Residential (Phase 1),ADOPTED,Oranmore,Oranmore LAP 2012 - 2022,R1.6,19913.818939209,602.596707147652
43,R,Residential Existing,ADOPTED,Oranmore,Oranmore LAP 2012 - 2022,R2.6,18514.5145263672,883.849173358932
44,OS,Open Space / Recreation & Amenity,ADOPTED,Oranmore,Oranmore LAP 2012 - 2022,G1,18370.9093017578,891.06538607069
45,OS,Open Space / Recreation & Amenity,ADOPTED,Oranmore,Oranmore LAP 2012 - 2022,G1,17816.569732666,906.529531933857
46,R,Residential Existing,ADOPTED,Oranmore,Oranmore LAP 2012 - 2022,R2.6,17563.1357116699,613.136989777898
47,R,Residential Existing,ADOPTED,Oranmore,Oranmore LAP 2012 - 2022,R2.6,16263.456237793,763.571914346315
48,OS,Open Space / Recreation & Amenity,ADOPTED,Oranmore,Oranmore LAP 2012 - 2022,G1,15765.2528991699,583.652944869579
49,R,Residential Existing,ADOPTED,Oranmore,Oranmore LAP 2012 - 2022,R2.6,15248.1157226563,1133.08640672796
50,C2,Commercial / Mixed Use,ADOPTED,Oranmore,Oranmore LAP 2012 - 2022,C6,15058.258972168,524.303191543325
51,OS,Open Space / Recreation & Amenity,ADOPTED,Oranmore,Oranmore LAP 2012 - 2022,G1,14853.5405273438,1281.16642239244
52,R,Residential Existing,ADOPTED,Oranmore,Oranmore LAP 2012 - 2022,R2.6,13841.3362121582,601.230245390196
53,R,Residential Existing,ADOPTED,Oranmore,Oranmore LAP 2012 - 2022,R2.6,13740.3761901855,928.998259602644
54,EM,Environmental Management,ADOPTED,Oranmore,Oranmore LAP 2012 - 2022,,13707.6853637695,909.623945214616
55,R,Residential Existing,ADOPTED,Oranmore,Oranmore LAP 2012 - 2022,R2.6,13454.8622741699,829.338274073034
56,R,Residential Existing,ADOPTED,Oranmore,Oranmore LAP 2012 - 2022,R2.6,12111.6290283203,883.031398614754
57,OS,Open Space / Recreation & Amenity,ADOPTED,Oranmore,Oranmore LAP 2012 - 2022,G1,12027.7872009277,652.201541104612
58,TC,Town Centre,ADOPTED,Oranmore,Oranmore LAP 2012 - 2022,M2,11851.1658935547,553.583101240225
59,CF,Community Facilities,ADOPTED,Oranmore,Oranmore LAP 2012 - 2022,S3,11698.3020629883,508.031662224538
60,R,Residential Existing,ADOPTED,Oranmore,Oranmore LAP 2012 - 2022,R2.6,11474.7201538086,532.616609430972
61,R,Residential (Phase 1),ADOPTED,Oranmore,Oranmore LAP 2012 - 2022,R1.6,11087.6277770996,583.376764215847
62,R,Residential Existing,ADOPTED,Oranmore,Oranmore LAP 2012 - 2022,R2.6,10883.5749511719,538.482226410677
63,R,Residential Existing,ADOPTED,Oranmore,Oranmore LAP 2012 - 2022,R2.6,10674.0547180176,906.65920192771
64,R,Residential Existing,ADOPTED,Oranmore,Oranmore LAP 2012 - 2022,R2.6,10349.7434082031,435.458683367654
65,OS,Open Space / Recreation & Amenity,ADOPTED,Oranmore,Oranmore LAP 2012 - 2022,G1,10317.3662109375,509.927225051277
66,TC,Town Centre,ADOPTED,Oranmore,Oranmore LAP 2012 - 2022,M2,10252.5388793945,460.871652677871
67,C2,Commercial / Mixed Use,ADOPTED,Oranmore,Oranmore LAP 2012 - 2022,C6,10186.5342712402,426.359572374659
68,R,Residential Existing,ADOPTED,Oranmore,Oranmore LAP 2012 - 2022,R2.6,9724.67559814453,614.614543594056
69,R,Residential (Phase 1),ADOPTED,Oranmore,Oranmore LAP 2012 - 2022,R1.6,9501.98004150391,461.470622498689
70,R,Residential Existing,ADOPTED,Oranmore,Oranmore LAP 2012 - 2022,R2.6,9494.8916015625,500.348819897658
71,OS,Open Space / Recreation & Amenity,ADOPTED,Oranmore,Oranmore LAP 2012 - 2022,G1,9255.13864135742,460.149532732093
72,R,Residential Existing,ADOPTED,Oranmore,Oranmore LAP 2012 - 2022,R2.6,8657.92208862305,485.918469422262
73,R,Residential Existing,ADOPTED,Oranmore,Oranmore LAP 2012 - 2022,R2.6,8542.3772277832,388.714622359247
74,OS,Open Space / Recreation & Amenity,ADOPTED,Oranmore,Oranmore LAP 2012 - 2022,G1,8473.39254760742,688.015055599874
75,R,Residential Existing,ADOPTED,Oranmore,Oranmore LAP 2012 - 2022,R2.6,7886.42828369141,388.403407670141
76,OS,Open Space / Recreation & Amenity,ADOPTED,Oranmore,Oranmore LAP 2012 - 2022,G1,7885.39730834961,1325.76265492751
77,R,Residential Existing,ADOPTED,Oranmore,Oranmore LAP 2012 - 2022,R2.6,7601.88131713867,471.067207739716
78,R,Residential Existing,ADOPTED,Oranmore,Oranmore LAP 2012 - 2022,R2.6,7511.81015014648,416.126817534227
79,R,Residential Existing,ADOPTED,Oranmore,Oranmore LAP 2012 - 2022,R2.6,7293.37857055664,406.032737902566
80,R,Residential Existing,ADOPTED,Oranmore,Oranmore LAP 2012 - 2022,R2.6,7280.59365844727,371.370694734853
81,R,Residential Existing,ADOPTED,Oranmore,Oranmore LAP 2012 - 2022,R2.6,7241.01739501953,410.998170847674
82,OS,Open Space / Recreation & Amenity,ADOPTED,Oranmore,Oranmore LAP 2012 - 2022,G1,6164.09368896484,798.818867959639
83,R,Residential Existing,ADOPTED,Oranmore,Oranmore LAP 2012 - 2022,R2.6,7064.45709228516,482.225305183563
84,CF,Community Facilities,ADOPTED,Oranmore,Oranmore LAP 2012 - 2022,S3,6684.17364501953,346.837912900774
85,OS,Open Space / Recreation & Amenity,ADOPTED,Oranmore,Oranmore LAP 2012 - 2022,G1,6683.65356445313,440.928635837472
86,CF,Community Facilities,ADOPTED,Oranmore,Oranmore LAP 2012 - 2022,S3,6532.09429931641,504.963640466624
87,A,Agriculture,ADOPTED,Oranmore,Oranmore LAP 2012 - 2022,P1,6474.11990356445,347.479106015516
88,R,Residential Existing,ADOPTED,Oranmore,Oranmore LAP 2012 - 2022,R2.6,6205.85339355469,410.423381449081
89,OS,Open Space / Recreation & Amenity,ADOPTED,Oranmore,Oranmore LAP 2012 - 2022,G1,6017.66329956055,474.853047506333
90,R,Residential Existing,ADOPTED,Oranmore,Oranmore LAP 2012 - 2022,R2.6,6002.81182861328,321.80263429517
91,R,Residential Existing,ADOPTED,Oranmore,Oranmore LAP 2012 - 2022,R2.6,5976.80178833008,394.88665356048
92,R,Residential Existing,ADOPTED,Oranmore,Oranmore LAP 2012 - 2022,R2.6,5883.06448364258,533.024723809837
93,R,Residential Existing,ADOPTED,Oranmore,Oranmore LAP 2012 - 2022,R2.6,5751.45227050781,319.666370880593
94,OS,Open Space / Recreation & Amenity,ADOPTED,Oranmore,Oranmore LAP 2012 - 2022,G1,5584.5475769043,337.904426527793
95,A,Agriculture,ADOPTED,Oranmore,Oranmore LAP 2012 - 2022,P1,5575.86676025391,299.722109121901
96,R,Residential (Phase 2),ADOPTED,Oranmore,Oranmore LAP 2012 - 2022,R1.6,5568.6418762207,335.115015132244
97,OS,Open Space / Recreation & Amenity,ADOPTED,Oranmore,Oranmore LAP 2012 - 2022,G1,5527.40997314453,315.304095111596
98,R,Residential Existing,ADOPTED,Oranmore,Oranmore LAP 2012 - 2022,R2.6,5482.91064453125,308.735230333705
99,R,Residential (Phase 1),ADOPTED,Oranmore,Oranmore LAP 2012 - 2022,R1.6,5452.38739013672,337.811821577944
100,OS,Open Space / Recreation & Amenity,ADOPTED,Oranmore,Oranmore LAP 2012 - 2022,G1,5337.91632080078,349.63241146255
101,R,Residential Existing,ADOPTED,Oranmore,Oranmore LAP 2012 - 2022,R2.6,5270.67694091797,303.012572197697
102,R,Residential Existing,ADOPTED,Oranmore,Oranmore LAP 2012 - 2022,R2.6,5177.26022338867,298.182081876415
103,R,Residential Existing,ADOPTED,Oranmore,Oranmore LAP 2012 - 2022,R2.6,5167.72100830078,349.415429098479
104,R,Residential Existing,ADOPTED,Oranmore,Oranmore LAP 2012 - 2022,R2.6,5155.41305541992,352.834122043056
105,OS,Open Space / Recreation & Amenity,ADOPTED,Oranmore,Oranmore LAP 2012 - 2022,G1,4914.2822265625,731.141575610666
106,OS,Open Space / Recreation & Amenity,ADOPTED,Oranmore,Oranmore LAP 2012 - 2022,G1,4849.8701171875,539.24728097202
107,TC,Town Centre,ADOPTED,Oranmore,Oranmore LAP 2012 - 2022,M2,4838.35537719727,329.090605789501
108,R,Residential Existing,ADOPTED,Oranmore,Oranmore LAP 2012 - 2022,R2.6,4828.70153808594,385.737322917615
109,R,Residential Existing,ADOPTED,Oranmore,Oranmore LAP 2012 - 2022,R2.6,4818.77853393555,299.618373257277
110,R,Residential Existing,ADOPTED,Oranmore,Oranmore LAP 2012 - 2022,R2.6,4727.09680175781,279.811424580871
111,R,Residential Existing,ADOPTED,Oranmore,Oranmore LAP 2012 - 2022,R2.6,4680.57275390625,357.380538107939
112,OS,Open Space / Recreation & Amenity,ADOPTED,Oranmore,Oranmore LAP 2012 - 2022,G1,2918.87161254883,768.778823954574
113,R,Residential Existing,ADOPTED,Oranmore,Oranmore LAP 2012 - 2022,R2.6,4501.7741394043,337.914112150573
114,R,Residential Existing,ADOPTED,Oranmore,Oranmore LAP 2012 - 2022,R2.6,4374.20495605469,259.282515743597
115,R,Residential (Phase 1),ADOPTED,Oranmore,Oranmore LAP 2012 - 2022,R1.6,4367.90924072266,292.733940086442
116,R,Residential Existing,ADOPTED,Oranmore,Oranmore LAP 2012 - 2022,R2.6,4348.36016845703,287.778303553012
117,R,Residential Existing,ADOPTED,Oranmore,Oranmore LAP 2012 - 2022,R2.6,4292.80291748047,268.323137102203
118,OS,Open Space / Recreation & Amenity,ADOPTED,Oranmore,Oranmore LAP 2012 - 2022,G1,4274.57257080078,279.825323761852
119,R,Residential (Phase 2),ADOPTED,Oranmore,Oranmore LAP 2012 - 2022,R1.6,4250.03164672852,325.372496592392
120,R,Residential Existing,ADOPTED,Oranmore,Oranmore LAP 2012 - 2022,R2.6,4111.39694213867,268.463357594437
121,OS,Open Space / Recreation & Amenity,ADOPTED,Oranmore,Oranmore LAP 2012 - 2022,G1,4081.67330932617,266.432969403021
122,R,Residential Existing,ADOPTED,Oranmore,Oranmore LAP 2012 - 2022,R2.6,4041.15777587891,345.721130110378
123,OS,Open Space / Recreation & Amenity,ADOPTED,Oranmore,Oranmore LAP 2012 - 2022,G1,3832.21295166016,351.241610754085
124,CF,Community Facilities,ADOPTED,Oranmore,Oranmore LAP 2012 - 2022,S3,3811.22381591797,266.451759049081
125,OS,Open Space / Recreation & Amenity,ADOPTED,Oranmore,Oranmore LAP 2012 - 2022,G1,3766.71450805664,513.66453238272
126,R,Residential Existing,ADOPTED,Oranmore,Oranmore LAP 2012 - 2022,R2.6,3747.15374755859,243.555177038803
127,OS,Open Space / Recreation & Amenity,ADOPTED,Oranmore,Oranmore LAP 2012 - 2022,G1,3677.75375366211,286.134490298366
128,R,Residential Existing,ADOPTED,Oranmore,Oranmore LAP 2012 - 2022,R2.6,3629.58190917969,407.351073941159
129,R,Residential Existing,ADOPTED,Oranmore,Oranmore LAP 2012 - 2022,R2.6,3486.01879882813,325.950945812514
130,R,Residential Existing,ADOPTED,Oranmore,Oranmore LAP 2012 - 2022,R2.6,3380.69354248047,233.34363314689
131,R,Residential Existing,ADOPTED,Oranmore,Oranmore LAP 2012 - 2022,R2.6,3317.92572021484,234.069862178083
132,R,Residential Existing,ADOPTED,Oranmore,Oranmore LAP 2012 - 2022,R2.6,3291.78567504883,261.815311595024
133,OS,Open Space / Recreation & Amenity,ADOPTED,Oranmore,Oranmore LAP 2012 - 2022,G1,3271.8720703125,234.19612315648
134,R,Residential Existing,ADOPTED,Oranmore,Oranmore LAP 2012 - 2022,R2.6,3241.80596923828,227.188144241951
135,OS,Open Space / Recreation & Amenity,ADOPTED,Oranmore,Oranmore LAP 2012 - 2022,G1,3122.69146728516,485.734417947951
136,R,Residential Existing,ADOPTED,Oranmore,Oranmore LAP 2012 - 2022,R2.6,3085.71240234375,264.999876219866
137,R,Residential Existing,ADOPTED,Oranmore,Oranmore LAP 2012 - 2022,R2.6,3075.27975463867,307.192525139046
138,R,Residential Existing,ADOPTED,Oranmore,Oranmore LAP 2012 - 2022,R2.6,3058.39331054688,242.553696446426
139,R,Residential Existing,ADOPTED,Oranmore,Oranmore LAP 2012 - 2022,R2.6,3048.60321044922,240.349669052788
140,OS,Open Space / Recreation & Amenity,ADOPTED,Oranmore,Oranmore LAP 2012 - 2022,G1,3004.41412353516,274.726893884387
141,R,Residential Existing,ADOPTED,Oranmore,Oranmore LAP 2012 - 2022,R2.6,2969.14273071289,216.477034912736
142,C2,Commercial / Mixed Use,ADOPTED,Oranmore,Oranmore LAP 2012 - 2022,C6,2937.15780639648,262.612999162394
143,OS,Open Space / Recreation & Amenity,ADOPTED,Oranmore,Oranmore LAP 2012 - 2022,G1,2917.73199462891,266.00963222683
144,R,Residential Existing,ADOPTED,Oranmore,Oranmore LAP 2012 - 2022,R2.6,2888.18664550781,316.313507970794
145,OS,Open Space / Recreation & Amenity,ADOPTED,Oranmore,Oranmore LAP 2012 - 2022,G1,2774.53225708008,384.696694123028
146,OS,Open Space / Recreation & Amenity,ADOPTED,Oranmore,Oranmore LAP 2012 - 2022,G1,2691.2600402832,286.284503737708
147,OS,Open Space / Recreation & Amenity,ADOPTED,Oranmore,Oranmore LAP 2012 - 2022,G1,2556.25207519531,221.287503783427
148,OS,Open Space / Recreation & Amenity,ADOPTED,Oranmore,Oranmore LAP 2012 - 2022,G1,2505.31896972656,194.649622594444
149,R,Residential Existing,ADOPTED,Oranmore,Oranmore LAP 2012 - 2022,R2.6,2445.48403930664,225.37821492981
150,OS,Open Space / Recreation & Amenity,ADOPTED,Oranmore,Oranmore LAP 2012 - 2022,G1,2418.40808105469,261.748488094777
151,OS,Open Space / Recreation & Amenity,ADOPTED,Oranmore,Oranmore LAP 2012 - 2022,G1,2413.17694091797,376.805771658659
152,OS,Open Space / Recreation & Amenity,ADOPTED,Oranmore,Oranmore LAP 2012 - 2022,G1,2407.06869506836,214.10833161214
153,OS,Open Space / Recreation & Amenity,ADOPTED,Oranmore,Oranmore LAP 2012 - 2022,G1,2349.54495239258,210.196833878006
154,OS,Open Space / Recreation & Amenity,ADOPTED,Oranmore,Oranmore LAP 2012 - 2022,G1,2290.18081665039,280.80116572504
155,OS,Open Space / Recreation & Amenity,ADOPTED,Oranmore,Oranmore LAP 2012 - 2022,G1,1814.61840820313,427.247256300107
156,OS,Open Space / Recreation & Amenity,ADOPTED,Oranmore,Oranmore LAP 2012 - 2022,G1,2232.48834228516,188.091232623049
157,R,Residential Existing,ADOPTED,Oranmore,Oranmore LAP 2012 - 2022,R2.6,2220.76196289063,252.022096969706
158,R,Residential Existing,ADOPTED,Oranmore,Oranmore LAP 2012 - 2022,R2.6,2216.48596191406,207.44786100012
159,OS,Open Space / Recreation & Amenity,ADOPTED,Oranmore,Oranmore LAP 2012 - 2022,G1,2174.64022827148,339.204893603091
160,R,Residential Existing,ADOPTED,Oranmore,Oranmore LAP 2012 - 2022,R2.6,2163.81213378906,244.549175394745
161,EM,Environmental Management,ADOPTED,Oranmore,Oranmore LAP 2012 - 2022,,2146.33654785156,308.791456372865
162,OS,Open Space / Recreation & Amenity,ADOPTED,Oranmore,Oranmore LAP 2012 - 2022,G1,2084.81463623047,188.544020575869
163,R,Residential Existing,ADOPTED,Oranmore,Oranmore LAP 2012 - 2022,R2.6,2076.3603515625,193.809865437667
164,OS,Open Space / Recreation & Amenity,ADOPTED,Oranmore,Oranmore LAP 2012 - 2022,G1,1363.06216430664,414.38851264093
165,R,Residential Existing,ADOPTED,Oranmore,Oranmore LAP 2012 - 2022,R2.6,2032.02105712891,202.397477975589
166,OS,Open Space / Recreation & Amenity,ADOPTED,Oranmore,Oranmore LAP 2012 - 2022,G1,1616.35531616211,324.136655224816
167,R,Residential Existing,ADOPTED,Oranmore,Oranmore LAP 2012 - 2022,R2.6,1977.30682373047,192.279090707299
168,OS,Open Space / Recreation & Amenity,ADOPTED,Oranmore,Oranmore LAP 2012 - 2022,G1,1898.69064331055,235.364438807954
169,OS,Open Space / Recreation & Amenity,ADOPTED,Oranmore,Oranmore LAP 2012 - 2022,G1,1779.28506469727,307.69114255109
170,OS,Open Space / Recreation & Amenity,ADOPTED,Oranmore,Oranmore LAP 2012 - 2022,G1,1691.44583129883,161.99460172627
171,OS,Open Space / Recreation & Amenity,ADOPTED,Oranmore,Oranmore LAP 2012 - 2022,G1,1638.55178833008,172.751124068246
172,OS,Open Space / Recreation & Amenity,ADOPTED,Oranmore,Oranmore LAP 2012 - 2022,G1,1616.17385864258,205.65503691409
173,OS,Open Space / Recreation & Amenity,ADOPTED,Oranmore,Oranmore LAP 2012 - 2022,G1,1598.8014831543,245.16378257953
174,OS,Open Space / Recreation & Amenity,ADOPTED,Oranmore,Oranmore LAP 2012 - 2022,G1,1556.50225830078,305.048676659883
175,OS,Open Space / Recreation & Amenity,ADOPTED,Oranmore,Oranmore LAP 2012 - 2022,G1,1550.18789672852,331.474651495869
176,OS,Open Space / Recreation & Amenity,ADOPTED,Oranmore,Oranmore LAP 2012 - 2022,G1,1517.37185668945,174.375537119343
177,R,Residential Existing,ADOPTED,Oranmore,Oranmore LAP 2012 - 2022,R2.6,1494.826171875,223.375769433752
178,OS,Open Space / Recreation & Amenity,ADOPTED,Oranmore,Oranmore LAP 2012 - 2022,G1,1486.32012939453,164.135186813387
179,R,Residential Existing,ADOPTED,Oranmore,Oranmore LAP 2012 - 2022,R2.6,1473.75082397461,175.791506567616
180,OS,Open Space / Recreation & Amenity,ADOPTED,Oranmore,Oranmore LAP 2012 - 2022,G1,1407.78994750977,177.606079423697
181,R,Residential Existing,ADOPTED,Oranmore,Oranmore LAP 2012 - 2022,R2.6,1400.35888671875,178.527036382625
182,R,Residential Existing,ADOPTED,Oranmore,Oranmore LAP 2012 - 2022,R2.6,1377.65878295898,180.879436035169
183,OS,Open Space / Recreation & Amenity,ADOPTED,Oranmore,Oranmore LAP 2012 - 2022,G1,1257.70162963867,214.383050485604
184,OS,Open Space / Recreation & Amenity,ADOPTED,Oranmore,Oranmore LAP 2012 - 2022,G1,1255.92733764648,146.178072653445
185,OS,Open Space / Recreation & Amenity,ADOPTED,Oranmore,Oranmore LAP 2012 - 2022,G1,1225.97161865234,318.988056298371
186,R,Residential Existing,ADOPTED,Oranmore,Oranmore LAP 2012 - 2022,R2.6,1128.35440063477,134.66326825852
187,R,Residential Existing,ADOPTED,Oranmore,Oranmore LAP 2012 - 2022,R2.6,1077.50622558594,143.464025587558
188,OS,Open Space / Recreation & Amenity,ADOPTED,Oranmore,Oranmore LAP 2012 - 2022,G1,1031.77056884766,128.699062708676
189,R,Residential Existing,ADOPTED,Oranmore,Oranmore LAP 2012 - 2022,R2.6,915.679595947266,134.014688148378
190,OS,Open Space / Recreation & Amenity,ADOPTED,Oranmore,Oranmore LAP 2012 - 2022,G1,874.565765380859,213.53107363496
191,R,Residential Existing,ADOPTED,Oranmore,Oranmore LAP 2012 - 2022,R2.6,858.783721923828,120.244140246046
192,EM,Environmental Management,ADOPTED,Oranmore,Oranmore LAP 2012 - 2022,,842.4150390625,238.972003182178
193,OS,Open Space / Recreation & Amenity,ADOPTED,Oranmore,Oranmore LAP 2012 - 2022,G1,842.040649414063,156.729526027092
194,R,Residential Existing,ADOPTED,Oranmore,Oranmore LAP 2012 - 2022,R2.6,811.928161621094,119.04029376216
195,R,Residential Existing,ADOPTED,Oranmore,Oranmore LAP 2012 - 2022,R2.6,797.988006591797,121.870055446996
196,OS,Open Space / Recreation & Amenity,ADOPTED,Oranmore,Oranmore LAP 2012 - 2022,G1,780.846221923828,176.412814491297
197,OS,Open Space / Recreation & Amenity,ADOPTED,Oranmore,Oranmore LAP 2012 - 2022,G1,760.55712890625,224.022437117068
198,OS,Open Space / Recreation & Amenity,ADOPTED,Oranmore,Oranmore LAP 2012 - 2022,G1,758.433898925781,183.829949242368
199,R,Residential Existing,ADOPTED,Oranmore,Oranmore LAP 2012 - 2022,R2.6,731.372833251953,115.790384417474
200,OS,Open Space / Recreation & Amenity,ADOPTED,Oranmore,Oranmore LAP 2012 - 2022,G1,726.742156982422,131.061508086219
201,TC,Town Centre,ADOPTED,Oranmore,Oranmore LAP 2012 - 2022,M2,724.122985839844,124.315679503279
202,R,Residential Existing,ADOPTED,Oranmore,Oranmore LAP 2012 - 2022,R2.6,696.085968017578,133.535375153761
203,R,Residential Existing,ADOPTED,Oranmore,Oranmore LAP 2012 - 2022,R2.6,691.949493408203,106.692604665432
204,OS,Open Space / Recreation & Amenity,ADOPTED,Oranmore,Oranmore LAP 2012 - 2022,G1,648.248779296875,277.223645229063
205,OS,Open Space / Recreation & Amenity,ADOPTED,Oranmore,Oranmore LAP 2012 - 2022,G1,642.764068603516,139.537131373964
206,OS,Open Space / Recreation & Amenity,ADOPTED,Oranmore,Oranmore LAP 2012 - 2022,G1,620.507843017578,190.36135975975
207,OS,Open Space / Recreation & Amenity,ADOPTED,Oranmore,Oranmore LAP 2012 - 2022,G1,620.107879638672,114.220262328714
208,OS,Open Space / Recreation & Amenity,ADOPTED,Oranmore,Oranmore LAP 2012 - 2022,G1,608.493865966797,242.318118901398
209,OS,Open Space / Recreation & Amenity,ADOPTED,Oranmore,Oranmore LAP 2012 - 2022,G1,606.010345458984,89.2861779123218
210,R,Residential Existing,ADOPTED,Oranmore,Oranmore LAP 2012 - 2022,R2.6,573.925476074219,106.897977690682
211,R,Residential Existing,ADOPTED,Oranmore,Oranmore LAP 2012 - 2022,R2.6,570.829528808594,113.032020851613
212,OS,Open Space / Recreation & Amenity,ADOPTED,Oranmore,Oranmore LAP 2012 - 2022,G1,561.992767333984,131.687678318374
213,OS,Open Space / Recreation & Amenity,ADOPTED,Oranmore,Oranmore LAP 2012 - 2022,G1,548.603912353516,147.365654322483
214,R,Residential Existing,ADOPTED,Oranmore,Oranmore LAP 2012 - 2022,R2.6,547.759185791016,117.780093968905
215,R,Residential Existing,ADOPTED,Oranmore,Oranmore LAP 2012 - 2022,R2.6,512.105377197266,119.995192478364
216,OS,Open Space / Recreation & Amenity,ADOPTED,Oranmore,Oranmore LAP 2012 - 2022,G1,505.460021972656,175.453320310623
217,R,Residential Existing,ADOPTED,Oranmore,Oranmore LAP 2012 - 2022,R2.6,503.039916992188,159.78404609631
218,OS,Open Space / Recreation & Amenity,ADOPTED,Oranmore,Oranmore LAP 2012 - 2022,G1,499.152069091797,85.4639810662937
219,R,Residential Existing,ADOPTED,Oranmore,Oranmore LAP 2012 - 2022,R2.6,489.417907714844,97.1480427784764
220,OS,Open Space / Recreation & Amenity,ADOPTED,Oranmore,Oranmore LAP 2012 - 2022,G1,488.416564941406,156.908404835756
221,OS,Open Space / Recreation & Amenity,ADOPTED,Oranmore,Oranmore LAP 2012 - 2022,G1,477.230346679688,90.279057122219
222,R,Residential Existing,ADOPTED,Oranmore,Oranmore LAP 2012 - 2022,R2.6,473.789520263672,109.808960145585
223,OS,Open Space / Recreation & Amenity,ADOPTED,Oranmore,Oranmore LAP 2012 - 2022,G1,472.488708496094,105.42699303675
224,OS,Open Space / Recreation & Amenity,ADOPTED,Oranmore,Oranmore LAP 2012 - 2022,G1,465.862335205078,202.761902077499
225,OS,Open Space / Recreation & Amenity,ADOPTED,Oranmore,Oranmore LAP 2012 - 2022,G1,437.363647460938,92.0072143492353
226,OS,Open Space / Recreation & Amenity,ADOPTED,Oranmore,Oranmore LAP 2012 - 2022,G1,430.228088378906,165.06252861043
227,OS,Open Space / Recreation & Amenity,ADOPTED,Oranmore,Oranmore LAP 2012 - 2022,G1,429.222290039063,197.257560311145
228,OS,Open Space / Recreation & Amenity,ADOPTED,Oranmore,Oranmore LAP 2012 - 2022,G1,428.61474609375,116.465852654523
229,R,Residential Existing,ADOPTED,Oranmore,Oranmore LAP 2012 - 2022,R2.6,427.575653076172,107.871345834911
230,R,Residential Existing,ADOPTED,Oranmore,Oranmore LAP 2012 - 2022,R2.6,425.294921875,107.575347417319
231,R,Residential Existing,ADOPTED,Oranmore,Oranmore LAP 2012 - 2022,R2.6,417.748992919922,110.36272673835
232,R,Residential Existing,ADOPTED,Oranmore,Oranmore LAP 2012 - 2022,R2.6,400.17041015625,87.3521740458088
233,R,Residential Existing,ADOPTED,Oranmore,Oranmore LAP 2012 - 2022,R2.6,393.020416259766,97.7321660127359
234,R,Residential Existing,ADOPTED,Oranmore,Oranmore LAP 2012 - 2022,R2.6,391.032836914063,78.1627667014737
235,R,Residential Existing,ADOPTED,Oranmore,Oranmore LAP 2012 - 2022,R2.6,381.974853515625,91.0016487046064
236,R,Residential Existing,ADOPTED,Oranmore,Oranmore LAP 2012 - 2022,R2.6,362.297882080078,77.0296608935903
237,OS,Open Space / Recreation & Amenity,ADOPTED,Oranmore,Oranmore LAP 2012 - 2022,G1,358.464050292969,125.326253385529
238,OS,Open Space / Recreation & Amenity,ADOPTED,Oranmore,Oranmore LAP 2012 - 2022,G1,355.316070556641,86.6202864898784
239,OS,Open Space / Recreation & Amenity,ADOPTED,Oranmore,Oranmore LAP 2012 - 2022,G1,351.958221435547,78.033361865548
240,OS,Open Space / Recreation & Amenity,ADOPTED,Oranmore,Oranmore LAP 2012 - 2022,G1,343.930511474609,93.1338577128988
241,OS,Open Space / Recreation & Amenity,ADOPTED,Oranmore,Oranmore LAP 2012 - 2022,G1,337.444854736328,112.50628888139
242,OS,Open Space / Recreation & Amenity,ADOPTED,Oranmore,Oranmore LAP 2012 - 2022,G1,337.201690673828,158.972799397204
243,R,Residential Existing,ADOPTED,Oranmore,Oranmore LAP 2012 - 2022,R2.6,335.116516113281,87.1948058597605
244,OS,Open Space / Recreation & Amenity,ADOPTED,Oranmore,Oranmore LAP 2012 - 2022,G1,334.570343017578,96.3243558781103
245,OS,Open Space / Recreation & Amenity,ADOPTED,Oranmore,Oranmore LAP 2012 - 2022,G1,331.195068359375,68.1497471176106
246,OS,Open Space / Recreation & Amenity,ADOPTED,Oranmore,Oranmore LAP 2012 - 2022,G1,330.844940185547,167.255847488046
247,R,Residential Existing,ADOPTED,Oranmore,Oranmore LAP 2012 - 2022,R2.6,314.890045166016,72.6536715594018
248,OS,Open Space / Recreation & Amenity,ADOPTED,Oranmore,Oranmore LAP 2012 - 2022,G1,300.863098144531,81.8109377032234
249,OS,Open Space / Recreation & Amenity,ADOPTED,Oranmore,Oranmore LAP 2012 - 2022,G1,298.526580810547,108.653972310069
250,OS,Open Space / Recreation & Amenity,ADOPTED,Oranmore,Oranmore LAP 2012 - 2022,G1,297.952423095703,158.181439944888
251,OS,Open Space / Recreation & Amenity,ADOPTED,Oranmore,Oranmore LAP 2012 - 2022,G1,290.885406494141,79.2015197405868
252,R,Residential Existing,ADOPTED,Oranmore,Oranmore LAP 2012 - 2022,R2.6,290.358734130859,76.6767654300892
253,OS,Open Space / Recreation & Amenity,ADOPTED,Oranmore,Oranmore LAP 2012 - 2022,G1,285.648895263672,88.935869297432
254,R,Residential Existing,ADOPTED,Oranmore,Oranmore LAP 2012 - 2022,R2.6,272.134399414063,71.5766776836402
255,R,Residential Existing,ADOPTED,Oranmore,Oranmore LAP 2012 - 2022,R2.6,261.625793457031,64.8122783417415
256,OS,Open Space / Recreation & Amenity,ADOPTED,Oranmore,Oranmore LAP 2012 - 2022,G1,255.959289550781,65.6875817715325
257,OS,Open Space / Recreation & Amenity,ADOPTED,Oranmore,Oranmore LAP 2012 - 2022,G1,245.975830078125,81.3958255042797
258,OS,Open Space / Recreation & Amenity,ADOPTED,Oranmore,Oranmore LAP 2012 - 2022,G1,237.934417724609,84.6207331391377
259,OS,Open Space / Recreation & Amenity,ADOPTED,Oranmore,Oranmore LAP 2012 - 2022,G1,230.972442626953,68.7257278799142
260,OS,Open Space / Recreation & Amenity,ADOPTED,Oranmore,Oranmore LAP 2012 - 2022,G1,219.79150390625,111.614659134667
261,OS,Open Space / Recreation & Amenity,ADOPTED,Oranmore,Oranmore LAP 2012 - 2022,G1,218.617797851563,67.477660184704
262,OS,Open Space / Recreation & Amenity,ADOPTED,Oranmore,Oranmore LAP 2012 - 2022,G1,208.519317626953,82.4991106955425
263,OS,Open Space / Recreation & Amenity,ADOPTED,Oranmore,Oranmore LAP 2012 - 2022,G1,206.483123779297,85.8200039684928
264,R,Residential Existing,ADOPTED,Oranmore,Oranmore LAP 2012 - 2022,R2.6,203.483520507813,58.9523548725943
265,R,Residential Existing,ADOPTED,Oranmore,Oranmore LAP 2012 - 2022,R2.6,202.203247070313,59.1618820618762
266,OS,Open Space / Recreation & Amenity,ADOPTED,Oranmore,Oranmore LAP 2012 - 2022,G1,195.182342529297,70.7192986842565
267,OS,Open Space / Recreation & Amenity,ADOPTED,Oranmore,Oranmore LAP 2012 - 2022,G1,195.001495361328,81.3264806996427
268,OS,Open Space / Recreation & Amenity,ADOPTED,Oranmore,Oranmore LAP 2012 - 2022,G1,174.571685791016,76.4288989544452
269,OS,Open Space / Recreation & Amenity,ADOPTED,Oranmore,Oranmore LAP 2012 - 2022,G1,152.170135498047,67.1161992885907
270,OS,Open Space / Recreation & Amenity,ADOPTED,Oranmore,Oranmore LAP 2012 - 2022,G1,147.619689941406,51.4065097771778
271,EM,Environmental Management,ADOPTED,Oranmore,Oranmore LAP 2012 - 2022,,140.505889892578,71.6535216261487
272,OS,Open Space / Recreation & Amenity,ADOPTED,Oranmore,Oranmore LAP 2012 - 2022,G1,132.780364990234,57.3633580486093
273,OS,Open Space / Recreation & Amenity,ADOPTED,Oranmore,Oranmore LAP 2012 - 2022,G1,122.056823730469,53.0488360021977
274,OS,Open Space / Recreation & Amenity,ADOPTED,Oranmore,Oranmore LAP 2012 - 2022,G1,103.025726318359,57.9580659358048
275,OS,Open Space / Recreation & Amenity,ADOPTED,Oranmore,Oranmore LAP 2012 - 2022,G1,96.2234497070313,48.3294040907786
276,OS,Open Space / Recreation & Amenity,ADOPTED,Oranmore,Oranmore LAP 2012 - 2022,G1,91.7475280761719,60.9825428783689
277,OS,Open Space / Recreation & Amenity,ADOPTED,Oranmore,Oranmore LAP 2012 - 2022,G1,65.2320251464844,41.0907843963192
278,OS,Open Space / Recreation & Amenity,ADOPTED,Oranmore,Oranmore LAP 2012 - 2022,G1,53.6821899414063,26.0952478872013
279,OS,Open Space / Recreation & Amenity,ADOPTED,Oranmore,Oranmore LAP 2012 - 2022,G1,25.2650451660156,20.8884348770809
280,R,Residential Existing,ADOPTED,Oranmore,Oranmore LAP 2012 - 2022,R2.6,24.1341857910156,20.0026165481304
281,R,Residential Existing,ADOPTED,Oranmore,Oranmore LAP 2012 - 2022,R2.6,16.02001953125,16.1700442926246
282,R,Residential Existing,ADOPTED,Oranmore,Oranmore LAP 2012 - 2022,R2.6,15.9738159179688,16.0222184030187
283,R,Residential Existing,ADOPTED,Oranmore,Oranmore LAP 2012 - 2022,R2.6,15.0720825195313,16.0037172672418
284,R,Residential Existing,ADOPTED,Oranmore,Oranmore LAP 2012 - 2022,R2.6,10.8871459960938,13.2005905524405
285,R,Residential (Phase 2),ADOPTED,Oranmore,Oranmore LAP 2012 - 2022,R1.6,26772.8875427246,658.078204719137
286,EM,Environmental Management,ADOPTED,Oranmore,Oranmore LAP 2012 - 2022,,1068.20294189453,372.664931058851
287,R,Residential Existing,ADOPTED,Oranmore,Oranmore LAP 2012 - 2022,R2.6,27044.7211303711,959.668707574995
288,R,Residential (Phase 1),ADOPTED,Oranmore,Oranmore LAP 2012 - 2022,R1.6,31040.1500549316,856.762696996822
289,CF,Community Facilities,ADOPTED,Oranmore,Oranmore LAP 2012 - 2022,S3,55872.6681213379,1418.02381254953
290,OS,Open Space / Recreation & Amenity,ADOPTED,Oranmore,Oranmore LAP 2012 - 2022,G1,6391.93426513672,494.263709956633
291,EM,Environmental Management,ADOPTED,Oranmore,Oranmore LAP 2012 - 2022,,625154.686462402,14312.1180389845
292,OS,Open Space / Recreation & Amenity,ADOPTED,Oranmore,Oranmore LAP 2012 - 2022,G1,1477.22485351563,305.464515988323
